Serial,,Autovec,,Autovec (faddv),,OMP SIMD,,OMP SIMD (faddv),,OMP Parallel For,,OMP Parallel For (faddv),,OMP SIMD/Parallel For,,OMP SIMD/Parallel For (faddv),,Rex (SIMD),
0.812400,,0.024050,,0.024050,,0.023800,0.000000,0.023650,0.000000,0.007700,0.000000,0.010350,0.000000,0.010350,0.000000,0.011550,0.000000,0.026950,0.000000
0.824700,,0.023800,,0.023650,,0.023800,0.000000,0.023650,0.000000,0.009650,0.000000,0.010550,0.000000,0.011350,0.000000,0.009000,0.000000,0.027000,0.000000
=AVERAGE(A2:A3),,=AVERAGE(C2:C3),,=AVERAGE(E2:E3),,=AVERAGE(G2:G3),,=AVERAGE(I2:I3),,=AVERAGE(K2:K3),,=AVERAGE(M2:M3),,=AVERAGE(O2:O3),,=AVERAGE(Q2:Q3),,=AVERAGE(S2:S3),
