Serial,,Autovec (AVX-2),,Autovec (AVX-512),,OpenMP (AVX-2),,OpenMP (AVX-512),,OpenMP Parallel For (AVX-2),,OpenMP Parallel For (AVX-512),,Rex,
0.224400,,0.067350,,0.070000,,0.068900,0.000000,0.069850,0.000000,0.033350,0.000000,0.048350,0.000000,0.069500,0.170538
0.224450,,0.067850,,0.070100,,0.068900,0.000000,0.067700,0.000000,0.050000,0.000000,0.035000,0.000000,0.068800,0.568511
0.224750,,0.067350,,0.068100,,0.068800,0.000000,0.069100,0.000000,0.032600,0.000000,0.032950,0.000000,0.069350,0.251166
=AVERAGE(A2:A6),,=AVERAGE(C2:C6),,=AVERAGE(E2:E6),,=AVERAGE(G2:G6),,=AVERAGE(I2:I6),,=AVERAGE(K2:K6),,=AVERAGE(M2:M6),,=AVERAGE(O2:O6),
