Serial,,Autovec (AVX-2),,Autovec (AVX-512),,OpenMP (AVX-2),,OpenMP (AVX-512),,OpenMP Parallel For (AVX-2),,OpenMP Parallel For (AVX-512),,Rex,
0.225150,,0.066750,,0.068400,,0.068250,0.000000,0.068050,0.000000,0.045000,0.000000,0.048650,0.000000,0.068950,0.257073
0.225500,,0.067300,,0.068850,,0.068450,0.000000,0.069150,0.000000,0.045600,0.000000,0.052750,0.000000,0.068400,-0.135207
=AVERAGE(A2:A3),,=AVERAGE(C2:C3),,=AVERAGE(E2:E3),,=AVERAGE(G2:G3),,=AVERAGE(I2:I3),,=AVERAGE(K2:K3),,=AVERAGE(M2:M3),,=AVERAGE(O2:O3),
