Serial,,Autovec (AVX-2),,Autovec (AVX-512),,OMP SIMD (AVX-2),,OMP SIMD (AVX-512),,OMP Parallel For (AVX-2),,OMP Parallel For (AVX-512),,OMP SIMD/Parallel For (AVX-2),,OMP SIMD/Parallel For (AVX-512),,Rex,
0.224900,,0.068100,,0.068650,,0.067500,0.000000,0.068300,0.000000,0.047050,0.000000,0.043400,0.000000,0.048450,0.000000,0.039600,0.000000,0.068000,-0.364373
0.225500,,0.066450,,0.069350,,0.067650,0.000000,0.068950,0.000000,0.046400,0.000000,0.052550,0.000000,0.050600,0.000000,0.049550,0.000000,0.067750,0.030341
0.224850,,0.067400,,0.068350,,0.067500,0.000000,0.068500,0.000000,0.046300,0.000000,0.048450,0.000000,0.041350,0.000000,0.043500,0.000000,0.068000,-0.088357
=AVERAGE(A2:A4),,=AVERAGE(C2:C4),,=AVERAGE(E2:E4),,=AVERAGE(G2:G4),,=AVERAGE(I2:I4),,=AVERAGE(K2:K4),,=AVERAGE(M2:M4),,=AVERAGE(O2:O4),,=AVERAGE(Q2:Q4),,=AVERAGE(S2:S4),
