Serial,,Autovec (AVX-2),,Autovec (AVX-512),,OMP SIMD (AVX-2),,OMP SIMD (AVX-512),,OMP Parallel For (AVX-2),,OMP Parallel For (AVX-512),,OMP SIMD/Parallel For (AVX-2),,OMP SIMD/Parallel For (AVX-512),,Rex (SIMD),,Rex (Parallel),,Rex (Parallel SIMD),
0.230250,,0.066650,,0.069300,,0.068150,0.000000,0.070850,0.000000,0.049450,0.000000,0.048250,0.000000,0.046500,0.000000,0.046400,0.000000,0.069050,0.000000,0.047600,0.000000,NOT OUTLINABLE,0
0.230250,,0.066850,,0.070400,,0.067700,0.000000,0.069900,0.000000,0.047700,0.000000,0.047850,0.000000,0.052050,0.000000,0.048000,0.000000,0.068100,0.000000,0.049300,0.000000,NOT OUTLINABLE,0
0.230250,,0.068400,,0.069300,,0.067350,0.000000,0.070100,0.000000,0.052200,0.000000,0.050750,0.000000,0.050800,0.000000,0.050700,0.000000,0.068950,0.000000,0.048300,0.000000,NOT OUTLINABLE,0
0.230300,,0.067650,,0.070600,,0.068400,0.000000,0.069700,0.000000,0.048100,0.000000,0.049350,0.000000,0.058300,0.000000,0.049600,0.000000,0.068300,0.000000,0.051150,0.000000,NOT OUTLINABLE,0
0.230050,,0.066750,,0.069700,,0.068500,0.000000,0.070050,0.000000,0.047000,0.000000,0.048900,0.000000,0.048450,0.000000,0.048650,0.000000,0.069050,0.000000,0.046750,0.000000,NOT OUTLINABLE,0
=AVERAGE(A2:A6),,=AVERAGE(C2:C6),,=AVERAGE(E2:E6),,=AVERAGE(G2:G6),,=AVERAGE(I2:I6),,=AVERAGE(K2:K6),,=AVERAGE(M2:M6),,=AVERAGE(O2:O6),,=AVERAGE(Q2:Q6),,=AVERAGE(S2:S6),,=AVERAGE(U2:U6),,=AVERAGE(W2:W6),
