Serial,Autovec (AVX-2,Autovec (AVX-512),OMP SIMD (AVX-2),OMP SIMD (AVX-512),Rex (SIMD),Rex (AVX2),Rex (SIMD with unroll),Rex (AVX2 with unroll),
0.230400,0.067050,0.070750,0.065900,0.069600,0.068700,0.066950,0.068500,0.069100,
0.229700,0.068850,0.069850,0.067100,0.069800,0.068150,0.065950,0.068150,0.066350,
0.229750,0.067750,0.069400,0.067650,0.070550,0.068650,0.068700,0.067100,0.069050,
=AVERAGE(A2:A4),=AVERAGE(B2:B4),=AVERAGE(C2:C4),=AVERAGE(D2:D4),=AVERAGE(E2:E4),=AVERAGE(F2:F4),=AVERAGE(G2:G4),=AVERAGE(H2:H4),=AVERAGE(I2:I4),
