Serial,Autovec (AVX-2,Autovec (AVX-512),OMP SIMD (AVX-2),OMP SIMD (AVX-512),Rex (SIMD),Rex (AVX2),Rex (SIMD with unroll),Rex (AVX2 with unroll),Rex (SIMD with tile),Rex (AVX2 with tile),
2.823550,1.234450,1.232650,0.182100,0.178300,0.174550,0.183950,0.174500,0.184100,0.174600,0.184250,
2.823900,1.234400,1.233150,0.176350,0.181450,0.173100,0.190200,0.172000,0.190250,0.172150,0.190050,
2.818300,1.234750,1.231500,0.182100,0.176800,0.174500,0.181600,0.174550,0.181550,0.174350,0.181850,
2.823700,1.233600,1.233000,0.173900,0.181250,0.172000,0.190550,0.174450,0.181100,0.174500,0.181300,
=AVERAGE(A2:A5),=AVERAGE(B2:B5),=AVERAGE(C2:C5),=AVERAGE(D2:D5),=AVERAGE(E2:E5),=AVERAGE(F2:F5),=AVERAGE(G2:G5),=AVERAGE(H2:H5),=AVERAGE(I2:I5),=AVERAGE(J2:J5),=AVERAGE(K2:K5),
