Serial,,Autovec,,Autovec (faddv),,OMP SIMD,,OMP SIMD (faddv),,OMP Parallel For,,OMP Parallel For (faddv),,OMP SIMD/Parallel For,,OMP SIMD/Parallel For (faddv),,Rex (SIMD),
23.647500,0,5.757750,0,0.525100,0,5.788500,0.000000,0.541200,0.000000,8.611300,0.000000,8.435000,-9.947266,0.141100,-25939710.000000,0.036900,-138670800.000000,1.621900,1.347656
23.613200,0,5.783300,0,0.541200,0,5.772050,0.000000,0.539250,0.000000,8.640400,0.000000,8.330950,6.291016,0.137000,-29068642.000000,0.039350,-124630616.000000,1.595250,7.642578
=AVERAGE(A2:A3),,=AVERAGE(C2:C3),,=AVERAGE(E2:E3),,=AVERAGE(G2:G3),,=AVERAGE(I2:I3),,=AVERAGE(K2:K3),,=AVERAGE(M2:M3),,=AVERAGE(O2:O3),,=AVERAGE(Q2:Q3),,=AVERAGE(S2:S3),
