Serial,,Autovec (AVX-2),,Autovec (AVX-512),,OpenMP (AVX-2),,OpenMP (AVX-512),,OpenMP Parallel For (AVX-2),,OpenMP Parallel For (AVX-512),,Rex,
2.845600,,1.246450,,1.243350,,0.173400,-3.775391,0.173350,16.675781,14.516500,17.947266,15.594550,17.449219,0.173200,29.179688
2.845150,,1.243800,,1.242200,,0.171700,28.744141,0.174050,16.644531,14.412400,21.792969,16.191200,7.503906,0.173100,22.994141
2.818700,,1.234800,,1.235150,,0.171350,24.341797,0.173900,-1.955078,14.574250,-10.673828,14.323700,-0.464844,0.172250,6.675781
=AVERAGE(A2:A6),,=AVERAGE(C2:C6),,=AVERAGE(E2:E6),,=AVERAGE(G2:G6),,=AVERAGE(I2:I6),,=AVERAGE(K2:K6),,=AVERAGE(M2:M6),,=AVERAGE(O2:O6),
