Serial,,Autovec (AVX-2),,Autovec (AVX-512),,OpenMP (AVX-2),,OpenMP (AVX-512),,OpenMP Parallel For (AVX-2),,OpenMP Parallel For (AVX-512),,Rex,
2.846400,,1.246100,,1.240000,,0.178250,19.222656,0.172450,18.888672,0.026950,-5102949.000000,0.041800,-896542.312500,0.173100,13.238281
2.849050,,1.245850,,1.245100,,0.173100,13.216797,0.173400,19.378906,0.030450,-1603960.750000,0.037450,-2335800.250000,0.173750,15.568359
=AVERAGE(A2:A3),,=AVERAGE(C2:C3),,=AVERAGE(E2:E3),,=AVERAGE(G2:G3),,=AVERAGE(I2:I3),,=AVERAGE(K2:K3),,=AVERAGE(M2:M3),,=AVERAGE(O2:O3),
