Serial,,Autovec (AVX-2),,Autovec (AVX-512),,OMP SIMD (AVX-2),,OMP SIMD (AVX-512),,OMP Parallel For (AVX-2),,OMP Parallel For (AVX-512),,OMP SIMD/Parallel For (AVX-2),,OMP SIMD/Parallel For (AVX-512),,Rex (SIMD),,Rex (Parallel),,Rex (Parallel SIMD),
2.836800,0,1.241600,0,1.239550,0,0.178350,29.871094,0.172950,31.714844,0.132600,0.000000,7.440750,0.000000,0.029850,-2311817.500000,0.033100,-4089729.750000,0.172650,40.189453,,0.020750,22.705078
2.837200,0,1.241250,0,1.240000,0,0.172800,37.699219,0.175650,15.169922,0.133950,0.000000,0.122300,0.000000,0.030900,-1353353.875000,0.030400,-4653581.000000,0.175100,4.511719,,0.020950,5.501953
=AVERAGE(A2:A3),,=AVERAGE(C2:C3),,=AVERAGE(E2:E3),,=AVERAGE(G2:G3),,=AVERAGE(I2:I3),,=AVERAGE(K2:K3),,=AVERAGE(M2:M3),,=AVERAGE(O2:O3),,=AVERAGE(Q2:Q3),,=AVERAGE(S2:S3),,=AVERAGE(U2:U3),,=AVERAGE(W2:W3),
