Serial,,Autovec (AVX-2),,Autovec (AVX-512),,OMP SIMD (AVX-2),,OMP SIMD (AVX-512),,OMP Parallel For (AVX-2),,OMP Parallel For (AVX-512),,OMP SIMD/Parallel For (AVX-2),,OMP SIMD/Parallel For (AVX-512),,Rex (SIMD),,Rex (Parallel),,Rex (Parallel SIMD),
2.827500,0,1.235400,0,1.233600,0,0.180800,7.468750,0.181550,3.232422,0.042650,0.000000,0.043900,0.000000,0.011600,13.625000,0.007900,9.433594,0.174300,22.087891,0.107300,0.000000,0.011300,12.515625
2.823850,0,1.235350,0,1.232650,0,0.181550,-0.550781,0.180800,24.490234,0.043050,0.000000,0.042700,0.000000,0.008250,18.673828,0.010950,11.656250,0.174300,-9.218750,0.108850,0.000000,0.010700,39.691406
2.824750,0,1.234950,0,1.233750,0,0.176100,7.384766,0.176950,-8.158203,0.047000,0.000000,0.043550,0.000000,0.009900,-0.490234,0.009650,19.777344,0.172800,-7.771484,0.108250,0.000000,0.008250,20.107422
2.823500,0,1.233950,0,1.233250,0,0.174050,-9.492188,0.177750,-17.767578,0.042700,0.000000,0.047650,0.000000,0.009050,22.335938,0.011500,-7.648438,0.172700,16.109375,0.109200,0.000000,0.006850,0.650391
2.827400,0,1.235500,0,1.232450,0,0.173100,28.900391,0.180250,10.214844,0.042750,0.000000,0.044300,0.000000,0.011800,3.687500,0.010050,1.740234,0.170550,10.519531,0.107150,0.000000,0.008950,13.726562
=AVERAGE(A2:A6),,=AVERAGE(C2:C6),,=AVERAGE(E2:E6),,=AVERAGE(G2:G6),,=AVERAGE(I2:I6),,=AVERAGE(K2:K6),,=AVERAGE(M2:M6),,=AVERAGE(O2:O6),,=AVERAGE(Q2:Q6),,=AVERAGE(S2:S6),,=AVERAGE(U2:U6),,=AVERAGE(W2:W6),
