Serial,,Autovec,,Autovec (faddv),,OMP SIMD,,OMP SIMD (faddv),,OMP Parallel For,,OMP Parallel For (faddv),,OMP SIMD/Parallel For,,OMP SIMD/Parallel For (faddv),,Rex (SIMD),,Rex (Parallel),,Rex (Parallel SIMD),
2.317350,,0.529350,,0.035200,,0.529250,0.000000,0.035300,0.000000,0.022750,0.000000,0.003550,0.000000,0.033300,0.000000,0.004500,0.000000,0.109650,2880.234375,0.030950,0.000000,0.006850,2852.203125
2.335850,,0.536500,,0.035450,,0.529300,0.000000,0.036300,0.000000,0.024950,0.000000,0.003400,0.000000,0.025500,0.000000,0.003600,0.000000,0.109650,2889.296875,0.025550,0.000000,0.013100,2928.968750
2.343250,,0.536300,,0.035400,,0.528650,0.000000,0.035250,0.000000,0.024600,0.000000,0.003950,0.000000,0.034750,0.000000,0.002900,0.000000,0.112500,2901.281250,0.036050,0.000000,0.009850,2896.578125
2.350150,,0.528650,,0.035350,,0.528800,0.000000,0.035750,0.000000,0.023600,0.000000,0.004050,0.000000,0.035550,0.000000,0.003050,0.000000,0.109650,2901.515625,0.024550,0.000000,0.010150,2913.187500
2.342200,,0.528700,,0.035250,,0.528850,0.000000,0.035350,0.000000,0.026050,0.000000,0.003650,0.000000,0.024350,0.000000,0.002800,0.000000,0.109650,2870.406250,0.040500,0.000000,0.007950,2856.734375
=AVERAGE(A2:A6),,=AVERAGE(C2:C6),,=AVERAGE(E2:E6),,=AVERAGE(G2:G6),,=AVERAGE(I2:I6),,=AVERAGE(K2:K6),,=AVERAGE(M2:M6),,=AVERAGE(O2:O6),,=AVERAGE(Q2:Q6),,=AVERAGE(S2:S6),,=AVERAGE(U2:U6),,=AVERAGE(W2:W6),
