Serial,,Autovec (AVX-2),,Autovec (AVX-512),,OpenMP (AVX-2),,OpenMP (AVX-512),,OpenMP Parallel For (AVX-2),,OpenMP Parallel For (AVX-512),,Rex,
0.275500,,0.128150,,0.128350,,0.035450,2817.000000,0.034950,2803.078125,0.199600,2805.140625,0.212050,2846.578125,0.034350,2757.906250
0.275450,,0.129050,,0.129150,,0.035150,2793.687500,0.034800,2750.437500,0.209000,2746.125000,0.209200,2803.015625,0.034200,2768.687500
0.274900,,0.128950,,0.129450,,0.035350,2771.828125,0.034850,2789.718750,0.205900,2735.203125,0.203050,2799.640625,0.034250,2811.187500
=AVERAGE(A2:A6),,=AVERAGE(C2:C6),,=AVERAGE(E2:E6),,=AVERAGE(G2:G6),,=AVERAGE(I2:I6),,=AVERAGE(K2:K6),,=AVERAGE(M2:M6),,=AVERAGE(O2:O6),
