Serial,,Autovec,,Autovec (faddv),,OMP SIMD,,OMP SIMD (faddv),,OMP Parallel For,,OMP Parallel For (faddv),,OMP SIMD/Parallel For,,OMP SIMD/Parallel For (faddv),,Rex (SIMD),
1.949100,,0.537350,,0.035300,,0.529050,0.000000,0.035350,0.000000,0.024250,0.000000,0.005300,0.000000,0.027000,0.000000,0.004400,0.000000,0.112950,2872.468750
1.952150,,0.528750,,0.035250,,0.528700,0.000000,0.036200,0.000000,0.028800,0.000000,0.003450,0.000000,0.023800,0.000000,0.004050,0.000000,0.112450,2891.312500
=AVERAGE(A2:A3),,=AVERAGE(C2:C3),,=AVERAGE(E2:E3),,=AVERAGE(G2:G3),,=AVERAGE(I2:I3),,=AVERAGE(K2:K3),,=AVERAGE(M2:M3),,=AVERAGE(O2:O3),,=AVERAGE(Q2:Q3),,=AVERAGE(S2:S3),
