Serial,,Autovec (AVX-2),,Autovec (AVX-512),,OMP SIMD (AVX-2),,OMP SIMD (AVX-512),,OMP Parallel For (AVX-2),,OMP Parallel For (AVX-512),,OMP SIMD/Parallel For (AVX-2),,OMP SIMD/Parallel For (AVX-512),,Rex (SIMD),,Rex (Parallel),,Rex (Parallel SIMD),
0.274750,,0.126600,,0.126750,,0.036400,2801.390625,0.035400,2799.593750,0.011000,0.000000,0.010450,0.000000,0.010250,2752.671875,0.009800,2812.937500,0.035750,2817.343750,0.012350,0.000000,0.010550,2830.171875
0.274200,,0.126550,,0.126500,,0.036750,2806.109375,0.035900,2813.984375,0.011150,0.000000,0.012650,0.000000,0.008700,2777.218750,0.010550,2792.375000,0.035850,2790.093750,0.010050,0.000000,0.010550,2851.656250
0.294900,,0.126900,,0.127100,,0.036400,2834.546875,0.035900,2778.265625,0.012750,0.000000,0.012350,0.000000,0.009900,2826.562500,0.011000,2809.468750,0.035800,2809.343750,0.011050,0.000000,0.009050,2793.906250
0.274750,,0.127000,,0.127050,,0.036400,2843.515625,0.035850,2782.890625,0.010950,0.000000,0.012200,0.000000,0.010400,2835.484375,0.009950,2828.046875,0.035800,2814.218750,0.011250,0.000000,0.010250,2807.906250
0.274850,,0.127050,,0.127050,,0.036800,2811.718750,0.035900,2814.828125,0.011350,0.000000,0.013250,0.000000,0.010300,2809.843750,0.009000,2772.343750,0.035850,2822.546875,0.012050,0.000000,0.010600,2716.218750
=AVERAGE(A2:A6),,=AVERAGE(C2:C6),,=AVERAGE(E2:E6),,=AVERAGE(G2:G6),,=AVERAGE(I2:I6),,=AVERAGE(K2:K6),,=AVERAGE(M2:M6),,=AVERAGE(O2:O6),,=AVERAGE(Q2:Q6),,=AVERAGE(S2:S6),,=AVERAGE(U2:U6),,=AVERAGE(W2:W6),
