Serial,Autovec (AVX-2,Autovec (AVX-512),OMP SIMD (AVX-2),OMP SIMD (AVX-512),Rex (SIMD),Rex (AVX2),Rex (SIMD with unroll),Rex (AVX2 with unroll),
0.274100,0.125850,0.126000,0.038650,0.036100,0.036150,0.037300,0.036100,0.037350,
0.274050,0.126000,0.126100,0.037750,0.036350,0.035700,0.038350,0.035750,0.038300,
0.274000,0.126000,0.126050,0.038550,0.036050,0.036100,0.037350,0.036200,0.037250,
=AVERAGE(A2:A4),=AVERAGE(B2:B4),=AVERAGE(C2:C4),=AVERAGE(D2:D4),=AVERAGE(E2:E4),=AVERAGE(F2:F4),=AVERAGE(G2:G4),=AVERAGE(H2:H4),=AVERAGE(I2:I4),
