Serial,,Autovec (AVX-2),,Autovec (AVX-512),,OpenMP (AVX-2),,OpenMP (AVX-512),,OpenMP Parallel For (AVX-2),,OpenMP Parallel For (AVX-512),,Rex,
0.278350,,0.132450,,0.132100,,0.035300,2806.796875,0.034650,2772.593750,0.007500,2787.656250,0.007350,2801.750000,0.034500,2812.203125
0.278000,,0.131950,,0.132000,,0.035350,2789.453125,0.034550,2814.171875,0.007550,2786.203125,0.007650,2795.046875,0.034450,2807.937500
=AVERAGE(A2:A3),,=AVERAGE(C2:C3),,=AVERAGE(E2:E3),,=AVERAGE(G2:G3),,=AVERAGE(I2:I3),,=AVERAGE(K2:K3),,=AVERAGE(M2:M3),,=AVERAGE(O2:O3),
