Serial,,Autovec (AVX-2),,Autovec (AVX-512),,OMP SIMD (AVX-2),,OMP SIMD (AVX-512),,OMP Parallel For (AVX-2),,OMP Parallel For (AVX-512),,OMP SIMD/Parallel For (AVX-2),,OMP SIMD/Parallel For (AVX-512),,Rex (SIMD),,Rex (Parallel),,Rex (Parallel SIMD),
0.277300,,0.131050,,0.131000,,0.035750,2804.218750,0.034600,2801.343750,0.008600,0.000000,0.007500,0.000000,0.008150,2788.359375,0.007700,2802.609375,0.034900,2815.734375,0.007900,0.000000,0.007950,2775.515625
0.277350,,0.131200,,0.131050,,0.035300,2785.656250,0.035050,2761.375000,0.008250,0.000000,0.007950,0.000000,0.007300,2779.859375,0.007650,2819.531250,0.034900,2778.062500,0.008400,0.000000,0.008500,2780.687500
=AVERAGE(A2:A3),,=AVERAGE(C2:C3),,=AVERAGE(E2:E3),,=AVERAGE(G2:G3),,=AVERAGE(I2:I3),,=AVERAGE(K2:K3),,=AVERAGE(M2:M3),,=AVERAGE(O2:O3),,=AVERAGE(Q2:Q3),,=AVERAGE(S2:S3),,=AVERAGE(U2:U3),,=AVERAGE(W2:W3),
