Serial,,Autovec (AVX-2),,Autovec (AVX-512),,OMP SIMD (AVX-2),,OMP SIMD (AVX-512),,OMP Parallel For (AVX-2),,OMP Parallel For (AVX-512),,OMP SIMD/Parallel For (AVX-2),,OMP SIMD/Parallel For (AVX-512),,Rex,
0.277850,,0.131900,,0.132050,,0.035400,2821.281250,0.034500,2804.625000,0.007450,0.000000,0.008300,0.000000,0.008050,2799.640625,0.007350,2809.234375,0.034500,2783.312500
0.278350,,0.131850,,0.132000,,0.035300,2804.781250,0.034650,2817.281250,0.008300,0.000000,0.008050,0.000000,0.007750,2788.640625,0.007550,2777.234375,0.034450,2830.734375
0.278300,,0.131850,,0.131950,,0.035200,2805.859375,0.034450,2821.375000,0.008700,0.000000,0.008450,0.000000,0.007500,2815.187500,0.007800,2818.593750,0.034500,2776.578125
=AVERAGE(A2:A4),,=AVERAGE(C2:C4),,=AVERAGE(E2:E4),,=AVERAGE(G2:G4),,=AVERAGE(I2:I4),,=AVERAGE(K2:K4),,=AVERAGE(M2:M4),,=AVERAGE(O2:O4),,=AVERAGE(Q2:Q4),,=AVERAGE(S2:S4),
