Serial,,Autovec (AVX-2),,Autovec (AVX-512),,OMP SIMD (AVX-2),,OMP SIMD (AVX-512),,OMP Parallel For (AVX-2),,OMP Parallel For (AVX-512),,OMP SIMD/Parallel For (AVX-2),,OMP SIMD/Parallel For (AVX-512),,Rex (SIMD),,Rex (Parallel),,Rex (Parallel SIMD),
0.027050,20.000000,0.012500,0.000000,0.012400,0.000000,0.002350,-707924.000000,0.002700,-707868.000000,0.001450,-707820.000000,0.001600,-707820.000000,0.001550,-703420.000000,0.001700,-703420.000000,0.002350,-703436.000000,0.001400,47825384.000000,0.001650,46473700.000000
0.027000,20.000000,0.012500,0.000000,0.012400,0.000000,0.002600,-706580.000000,0.002300,-706644.000000,0.001850,-706520.000000,0.001400,-706520.000000,0.001100,-710060.000000,0.001350,-710060.000000,0.002350,-710132.000000,0.001250,48021296.000000,0.001900,46450528.000000
=AVERAGE(A2:A3),,=AVERAGE(C2:C3),,=AVERAGE(E2:E3),,=AVERAGE(G2:G3),,=AVERAGE(I2:I3),,=AVERAGE(K2:K3),,=AVERAGE(M2:M3),,=AVERAGE(O2:O3),,=AVERAGE(Q2:Q3),,=AVERAGE(S2:S3),,=AVERAGE(U2:U3),,=AVERAGE(W2:W3),
