Serial,Autovec (AVX-2,Autovec (AVX-512),OMP SIMD (AVX-2),OMP SIMD (AVX-512),OMP Parallel For (AVX-2),OMP Parallel For (AVX-512),OMP SIMD/Parallel For (AVX-2),OMP SIMD/Parallel For (AVX-512),Rex (SIMD),Rex (AVX2),Rex (SIMD with unroll),Rex (AVX2 with unroll),Rex (Parallel),Rex (Parallel SIMD),
0.000046,0.000030,0.000034,0.000012,0.000006,0.000116,0.000158,0.000208,0.000128,0.000010,0.000012,0.000010,0.000012,,,
0.000050,0.000030,0.000036,0.000008,0.000010,0.000194,0.000160,0.000138,0.000164,0.000010,0.000012,0.000010,0.000008,,,
0.000046,0.000032,0.000028,0.000006,0.000010,0.000144,0.000136,0.000158,0.000162,0.000010,0.000014,0.000010,0.000010,,,
0.000058,0.000030,0.000032,0.000010,0.000006,0.000124,0.000174,0.000176,0.000212,0.000012,0.000014,0.000010,0.000006,,,
=AVERAGE(A2:A5),=AVERAGE(B2:B5),=AVERAGE(C2:C5),=AVERAGE(D2:D5),=AVERAGE(E2:E5),=AVERAGE(F2:F5),=AVERAGE(G2:G5),=AVERAGE(H2:H5),=AVERAGE(I2:I5),=AVERAGE(J2:J5),=AVERAGE(K2:K5),=AVERAGE(L2:L5),=AVERAGE(M2:M5),=AVERAGE(N2:N5),=AVERAGE(O2:O5),
