Serial,,Autovec (AVX-2),,Autovec (AVX-512),,OpenMP (AVX-2),,OpenMP (AVX-512),,OpenMP Parallel For (AVX-2),,OpenMP Parallel For (AVX-512),,Rex,
0.026950,20.000000,0.012450,0.000000,0.012450,0.000000,0.002400,-707544.000000,0.002300,-707568.000000,0.001600,-707564.000000,0.001550,-707564.000000,0.002350,-707664.000000
0.026900,20.000000,0.012450,0.000000,0.012350,0.000000,0.002250,-706380.000000,0.002250,-706368.000000,0.001450,-706408.000000,0.001850,-706408.000000,0.002350,-700592.000000
0.027050,20.000000,0.012350,0.000000,0.012400,0.000000,0.002300,-703452.000000,0.002400,-703476.000000,0.001900,-701236.000000,0.001650,-701236.000000,0.002300,-701344.000000
=AVERAGE(A2:A6),,=AVERAGE(C2:C6),,=AVERAGE(E2:E6),,=AVERAGE(G2:G6),,=AVERAGE(I2:I6),,=AVERAGE(K2:K6),,=AVERAGE(M2:M6),,=AVERAGE(O2:O6),
