Serial,,Autovec,,Autovec (faddv),,OMP SIMD,,OMP SIMD (faddv),,OMP Parallel For,,OMP Parallel For (faddv),,OMP SIMD/Parallel For,,OMP SIMD/Parallel For (faddv),,Rex (SIMD),
0.220700,20.000000,0.051500,20.000000,0.004700,-906.000000,0.051600,0.000000,0.004700,0.000000,0.005150,-706452.000000,0.001150,120.000000,0.004700,-708304.000000,0.000750,-76.000000,0.009750,-704184.000000
0.220850,20.000000,0.051550,20.000000,0.004700,94.000000,0.051550,0.000000,0.004700,0.000000,0.005000,-707420.000000,0.001000,-36.000000,0.004350,-699988.000000,0.001150,-20.000000,0.009700,-708696.000000
=AVERAGE(A2:A3),,=AVERAGE(C2:C3),,=AVERAGE(E2:E3),,=AVERAGE(G2:G3),,=AVERAGE(I2:I3),,=AVERAGE(K2:K3),,=AVERAGE(M2:M3),,=AVERAGE(O2:O3),,=AVERAGE(Q2:Q3),,=AVERAGE(S2:S3),
