Serial,,Autovec (AVX-2),,Autovec (AVX-512),,OMP SIMD (AVX-2),,OMP SIMD (AVX-512),,OMP Parallel For (AVX-2),,OMP Parallel For (AVX-512),,OMP SIMD/Parallel For (AVX-2),,OMP SIMD/Parallel For (AVX-512),,Rex (SIMD),,Rex (Parallel),,Rex (Parallel SIMD),
0.225400,,0.067150,,0.069850,,0.066450,0.000000,0.069300,0.000000,0.042300,0.000000,0.047550,0.000000,0.048200,0.000000,0.040500,0.000000,0.068500,0.059558,0.043550,0.000000,0.039950,0.000000
0.224950,,0.066450,,0.068900,,0.068300,0.000000,0.069100,0.000000,0.045400,0.000000,0.044600,0.000000,0.041850,0.000000,0.048000,0.000000,0.068900,0.113789,0.049800,0.000000,0.039550,0.000000
=AVERAGE(A2:A3),,=AVERAGE(C2:C3),,=AVERAGE(E2:E3),,=AVERAGE(G2:G3),,=AVERAGE(I2:I3),,=AVERAGE(K2:K3),,=AVERAGE(M2:M3),,=AVERAGE(O2:O3),,=AVERAGE(Q2:Q3),,=AVERAGE(S2:S3),,=AVERAGE(U2:U3),,=AVERAGE(W2:W3),
