Serial,,Autovec (AVX-2),,Autovec (AVX-512),,OMP SIMD (AVX-2),,OMP SIMD (AVX-512),,OMP Parallel For (AVX-2),,OMP Parallel For (AVX-512),,OMP SIMD/Parallel For (AVX-2),,OMP SIMD/Parallel For (AVX-512),,Rex,
0.223950,,0.067900,,0.068200,,0.068500,0.000000,0.068350,0.000000,0.046700,0.000000,0.051900,0.000000,0.032300,0.000000,0.052000,0.000000,0.067550,-0.220679
0.225300,,0.066650,,0.069100,,0.066500,0.000000,0.068950,0.000000,0.051800,0.000000,0.043150,0.000000,0.042200,0.000000,0.045900,0.000000,0.067850,0.320048
=AVERAGE(A2:A3),,=AVERAGE(C2:C3),,=AVERAGE(E2:E3),,=AVERAGE(G2:G3),,=AVERAGE(I2:I3),,=AVERAGE(K2:K3),,=AVERAGE(M2:M3),,=AVERAGE(O2:O3),,=AVERAGE(Q2:Q3),,=AVERAGE(S2:S3),
