Serial,,Autovec,,Autovec (faddv),,OMP SIMD,,OMP SIMD (faddv),,OMP Parallel For,,OMP Parallel For (faddv),,OMP SIMD/Parallel For,,OMP SIMD/Parallel For (faddv),,Rex (SIMD),,Rex (Parallel),,Rex (Parallel SIMD),
0.842100,,0.024000,,0.023500,,0.024750,0.000000,0.023900,0.000000,0.011150,0.000000,0.010950,0.000000,0.009650,0.000000,0.006750,0.000000,0.024300,0.000000,0.009750,0.000000,NOT OUTLINABLE,0
0.837100,,0.023600,,0.024550,,0.024000,0.000000,0.024050,0.000000,0.010300,0.000000,0.007750,0.000000,0.007850,0.000000,0.011150,0.000000,0.024500,0.000000,0.011250,0.000000,NOT OUTLINABLE,0
0.838550,,0.024500,,0.028600,,0.023600,0.000000,0.023750,0.000000,0.010400,0.000000,0.007350,0.000000,0.008450,0.000000,0.008500,0.000000,0.024350,0.000000,0.010400,0.000000,NOT OUTLINABLE,0
0.836600,,0.024100,,0.028550,,0.025750,0.000000,0.024000,0.000000,0.009650,0.000000,0.008550,0.000000,0.010950,0.000000,0.007500,0.000000,0.024300,0.000000,0.009250,0.000000,NOT OUTLINABLE,0
0.835900,,0.023650,,0.023500,,0.024050,0.000000,0.023500,0.000000,0.009550,0.000000,0.009700,0.000000,0.009700,0.000000,0.008300,0.000000,0.024300,0.000000,0.007750,0.000000,NOT OUTLINABLE,0
=AVERAGE(A2:A6),,=AVERAGE(C2:C6),,=AVERAGE(E2:E6),,=AVERAGE(G2:G6),,=AVERAGE(I2:I6),,=AVERAGE(K2:K6),,=AVERAGE(M2:M6),,=AVERAGE(O2:O6),,=AVERAGE(Q2:Q6),,=AVERAGE(S2:S6),,=AVERAGE(U2:U6),,=AVERAGE(W2:W6),
