Serial,,Autovec (AVX-2),,Autovec (AVX-512),,OMP SIMD (AVX-2),,OMP SIMD (AVX-512),,OMP Parallel For (AVX-2),,OMP Parallel For (AVX-512),,OMP SIMD/Parallel For (AVX-2),,OMP SIMD/Parallel For (AVX-512),,Rex (SIMD),,Rex (Parallel),,Rex (Parallel SIMD),
0.223500,,0.068050,,0.067500,,0.067600,0.000000,0.069150,0.000000,0.046400,0.000000,0.051300,0.000000,0.030550,0.000000,0.052700,0.000000,0.069150,0.263720,
0.052550,0.000000,
0.048550,0.000000
0.225600,,0.066300,,0.068050,,0.067700,0.000000,0.070150,0.000000,0.051450,0.000000,0.045400,0.000000,0.043400,0.000000,0.042750,0.000000,0.068950,-0.297197,
0.052300,0.000000,
0.041800,0.000000
=AVERAGE(A2:A3),,=AVERAGE(C2:C3),,=AVERAGE(E2:E3),,=AVERAGE(G2:G3),,=AVERAGE(I2:I3),,=AVERAGE(K2:K3),,=AVERAGE(M2:M3),,=AVERAGE(O2:O3),,=AVERAGE(Q2:Q3),,=AVERAGE(S2:S3),,=AVERAGE(U2:U3),,=AVERAGE(W2:W3),
