Serial,Autovec (AVX-2,Autovec (AVX-512),OMP SIMD (AVX-2),OMP SIMD (AVX-512),Rex (SIMD),Rex (AVX2),Rex (SIMD with unroll),Rex (AVX2 with unroll),Rex (SIMD with tile),Rex (AVX2 with tile),
0.230000,0.068950,0.071550,0.067100,0.071400,0.068200,0.067150,0.070300,0.067400,0.067850,0.068000,
0.230200,0.069750,0.069650,0.067750,0.070850,0.070100,0.068950,0.069000,0.068950,0.069850,0.069250,
0.230100,0.068600,0.071300,0.067050,0.070350,0.068200,0.068000,0.068400,0.069750,0.069150,0.070050,
0.230150,0.069800,0.070900,0.067800,0.070750,0.068750,0.068900,0.070350,0.068900,0.069800,0.067400,
=AVERAGE(A2:A5),=AVERAGE(B2:B5),=AVERAGE(C2:C5),=AVERAGE(D2:D5),=AVERAGE(E2:E5),=AVERAGE(F2:F5),=AVERAGE(G2:G5),=AVERAGE(H2:H5),=AVERAGE(I2:I5),=AVERAGE(J2:J5),=AVERAGE(K2:K5),
