Serial,,Autovec,,Autovec (faddv),,OMP SIMD,,OMP SIMD (faddv),,OMP Parallel For,,OMP Parallel For (faddv),,OMP SIMD/Parallel For,,OMP SIMD/Parallel For (faddv),,Rex (SIMD),,Rex (Parallel),,Rex (Parallel SIMD),
0.813250,,0.024000,,0.030950,,0.024050,0.000000,0.024050,0.000000,0.008550,0.000000,0.010550,0.000000,0.009050,0.000000,0.014450,0.000000,0.027150,0.000000,0.014950,0.000000,NOT OUTLINABLE,0
0.811850,,0.023600,,0.023900,,0.026100,0.000000,0.023550,0.000000,0.011150,0.000000,0.012600,0.000000,0.010750,0.000000,0.012050,0.000000,0.026950,0.000000,0.014100,0.000000,NOT OUTLINABLE,0
0.819700,,0.023650,,0.023950,,0.023650,0.000000,0.023950,0.000000,0.009900,0.000000,0.014050,0.000000,0.014650,0.000000,0.012550,0.000000,0.027150,0.000000,0.015450,0.000000,NOT OUTLINABLE,0
0.813650,,0.031000,,0.023550,,0.023650,0.000000,0.024400,0.000000,0.012200,0.000000,0.013150,0.000000,0.008550,0.000000,0.013250,0.000000,0.027150,0.000000,0.014300,0.000000,NOT OUTLINABLE,0
0.825650,,0.032400,,0.031900,,0.027000,0.000000,0.023950,0.000000,0.008700,0.000000,0.016900,0.000000,0.008650,0.000000,0.008950,0.000000,0.027150,0.000000,0.006750,0.000000,NOT OUTLINABLE,0
=AVERAGE(A2:A6),,=AVERAGE(C2:C6),,=AVERAGE(E2:E6),,=AVERAGE(G2:G6),,=AVERAGE(I2:I6),,=AVERAGE(K2:K6),,=AVERAGE(M2:M6),,=AVERAGE(O2:O6),,=AVERAGE(Q2:Q6),,=AVERAGE(S2:S6),,=AVERAGE(U2:U6),,=AVERAGE(W2:W6),
