Serial,Autovec (AVX-2,Autovec (AVX-512),OMP SIMD (AVX-2),OMP SIMD (AVX-512),OMP Parallel For (AVX-2),OMP Parallel For (AVX-512),OMP SIMD/Parallel For (AVX-2),OMP SIMD/Parallel For (AVX-512),Rex (SIMD),Rex (AVX2),Rex (SIMD with unroll),Rex (AVX2 with unroll),Rex (Parallel),Rex (Parallel SIMD),
0.246650,0.069150,0.071500,0.070600,0.072000,0.032950,0.034100,0.031350,0.034600,0.071250,0.069500,0.070650,0.069750,,,
0.246900,0.071150,0.071350,0.068950,0.073400,0.033650,0.031850,0.031300,0.033850,0.070850,0.069150,0.070700,0.070100,,,
0.247150,0.070600,0.073750,0.076800,0.073100,0.033550,0.033600,0.032350,0.031250,0.071600,0.069400,0.071350,0.070650,,,
0.246250,0.070500,0.073150,0.069350,0.072650,0.031250,0.032000,0.033600,0.031800,0.071150,0.070400,0.071800,0.070700,,,
=AVERAGE(A2:A5),=AVERAGE(B2:B5),=AVERAGE(C2:C5),=AVERAGE(D2:D5),=AVERAGE(E2:E5),=AVERAGE(F2:F5),=AVERAGE(G2:G5),=AVERAGE(H2:H5),=AVERAGE(I2:I5),=AVERAGE(J2:J5),=AVERAGE(K2:K5),=AVERAGE(L2:L5),=AVERAGE(M2:M5),=AVERAGE(N2:N5),=AVERAGE(O2:O5),
