Serial,,Autovec,,Autovec (faddv),,OMP SIMD,,OMP SIMD (faddv),,OMP Parallel For,,OMP Parallel For (faddv),,OMP SIMD/Parallel For,,OMP SIMD/Parallel For (faddv),,Rex (SIMD),,Rex (Parallel),,Rex (Parallel SIMD),
23.652050,0,5.756100,0,0.541600,0,5.848550,0.000000,0.546150,0.000000,0.221750,0.000000,0.029100,0.000000,0.221050,0.000000,0.025400,0.000000,1.656350,-13.917969,0.208750,0.000000,0.069450,22.097656
23.657450,0,5.775150,0,0.556150,0,5.796100,0.000000,0.528350,0.000000,0.223650,0.000000,0.035400,0.000000,0.219000,0.000000,0.026400,0.000000,1.696750,5.878906,0.217200,0.000000,0.070650,2.593750
23.687100,0,5.765250,0,0.517700,0,5.790600,0.000000,0.530950,0.000000,0.215300,0.000000,0.027250,0.000000,0.210300,0.000000,0.026250,0.000000,1.641650,-2.378906,0.221150,0.000000,0.067700,4.134766
23.598850,0,5.759400,0,0.555600,0,5.854600,0.000000,0.532400,0.000000,0.217300,0.000000,0.030200,0.000000,0.195250,0.000000,0.025750,0.000000,1.684750,3.783203,0.219200,0.000000,0.072500,2.431641
23.818350,0,5.775100,0,0.540700,0,5.790450,0.000000,0.536500,0.000000,0.233650,0.000000,0.026250,0.000000,0.211800,0.000000,0.023850,0.000000,1.658100,8.119141,0.228050,0.000000,0.069900,-12.878906
=AVERAGE(A2:A6),,=AVERAGE(C2:C6),,=AVERAGE(E2:E6),,=AVERAGE(G2:G6),,=AVERAGE(I2:I6),,=AVERAGE(K2:K6),,=AVERAGE(M2:M6),,=AVERAGE(O2:O6),,=AVERAGE(Q2:Q6),,=AVERAGE(S2:S6),,=AVERAGE(U2:U6),,=AVERAGE(W2:W6),
