Serial,,Autovec (AVX-2),,Autovec (AVX-512),,OMP SIMD (AVX-2),,OMP SIMD (AVX-512),,OMP Parallel For (AVX-2),,OMP Parallel For (AVX-512),,OMP SIMD/Parallel For (AVX-2),,OMP SIMD/Parallel For (AVX-512),,Rex,
2.847900,0,1.244900,0,1.243450,0,0.172550,-0.998047,0.175650,17.925781,0.126150,0.000000,0.143050,0.000000,0.030950,-2742352.000000,0.088950,389864.468750,0.173950,5.279297
2.819350,0,1.234000,0,1.232000,0,0.178400,5.271484,0.173700,37.474609,2.173350,0.000000,7.276550,0.000000,0.029600,-2032353.375000,0.031400,-5823984.500000,0.173850,6.291016
=AVERAGE(A2:A3),,=AVERAGE(C2:C3),,=AVERAGE(E2:E3),,=AVERAGE(G2:G3),,=AVERAGE(I2:I3),,=AVERAGE(K2:K3),,=AVERAGE(M2:M3),,=AVERAGE(O2:O3),,=AVERAGE(Q2:Q3),,=AVERAGE(S2:S3),
