Serial,,Autovec (AVX-2),,Autovec (AVX-512),,OMP SIMD (AVX-2),,OMP SIMD (AVX-512),,OMP Parallel For (AVX-2),,OMP Parallel For (AVX-512),,OMP SIMD/Parallel For (AVX-2),,OMP SIMD/Parallel For (AVX-512),,Rex (SIMD),,Rex (Parallel),,Rex (Parallel SIMD),
2.848250,0,1.247150,0,1.245200,0,0.177550,13.689453,0.169750,38.404297,0.120150,0.000000,2.160950,0.000000,0.031150,-1303760.125000,0.032150,-5931592.500000,0.173450,10.414062,
,
0.021350,-15.353516
2.848000,0,1.245350,0,1.242250,0,0.179250,35.572266,0.173600,26.230469,0.121850,0.000000,7.522050,0.000000,0.027800,-2051782.250000,0.032350,-3202076.750000,0.175100,-6.724609,
,
0.021100,-8.234375
=AVERAGE(A2:A3),,=AVERAGE(C2:C3),,=AVERAGE(E2:E3),,=AVERAGE(G2:G3),,=AVERAGE(I2:I3),,=AVERAGE(K2:K3),,=AVERAGE(M2:M3),,=AVERAGE(O2:O3),,=AVERAGE(Q2:Q3),,=AVERAGE(S2:S3),,=AVERAGE(U2:U3),,=AVERAGE(W2:W3),
