Serial,Autovec (AVX-2,Autovec (AVX-512),OMP SIMD (AVX-2),OMP SIMD (AVX-512),Rex (SIMD),Rex (AVX2),Rex (SIMD with unroll),Rex (AVX2 with unroll),
2.813550,1.231750,1.230450,0.181000,0.177400,0.174700,0.182800,0.174750,0.182600,
2.815350,1.231500,1.230050,0.175200,0.181150,0.172600,0.188700,0.172550,0.189050,
2.814100,1.232000,1.228800,0.180900,0.177400,0.174650,0.189500,0.172550,0.188850,
=AVERAGE(A2:A4),=AVERAGE(B2:B4),=AVERAGE(C2:C4),=AVERAGE(D2:D4),=AVERAGE(E2:E4),=AVERAGE(F2:F4),=AVERAGE(G2:G4),=AVERAGE(H2:H4),=AVERAGE(I2:I4),
