Serial,Autovec (AVX-2,Autovec (AVX-512),OMP SIMD (AVX-2),OMP SIMD (AVX-512),OMP Parallel For (AVX-2),OMP Parallel For (AVX-512),OMP SIMD/Parallel For (AVX-2),OMP SIMD/Parallel For (AVX-512),Rex (SIMD),Rex (AVX2),Rex (SIMD with unroll),Rex (AVX2 with unroll),Rex (Parallel),Rex (Parallel SIMD),
3.031650,1.326000,1.342300,0.182100,0.191650,0.076100,0.072800,0.010750,0.016000,0.181700,0.191750,0.194700,0.231400,,,
3.051950,1.350650,1.327550,0.190100,0.187650,0.076150,0.078100,0.010700,0.011300,0.183800,0.194350,0.194550,0.231150,,,
3.032050,1.327000,1.359800,0.184550,0.187950,0.073800,0.074900,0.012700,0.011400,0.182950,0.198400,0.193500,0.232450,,,
3.008550,1.322800,1.338050,0.192050,0.188250,0.077450,0.076300,0.010800,0.009900,0.182900,0.192500,0.208000,0.216900,,,
=AVERAGE(A2:A5),=AVERAGE(B2:B5),=AVERAGE(C2:C5),=AVERAGE(D2:D5),=AVERAGE(E2:E5),=AVERAGE(F2:F5),=AVERAGE(G2:G5),=AVERAGE(H2:H5),=AVERAGE(I2:I5),=AVERAGE(J2:J5),=AVERAGE(K2:K5),=AVERAGE(L2:L5),=AVERAGE(M2:M5),=AVERAGE(N2:N5),=AVERAGE(O2:O5),
