Serial,,Autovec (AVX-2),,Autovec (AVX-512),,OMP SIMD (AVX-2),,OMP SIMD (AVX-512),,OMP Parallel For (AVX-2),,OMP Parallel For (AVX-512),,OMP SIMD/Parallel For (AVX-2),,OMP SIMD/Parallel For (AVX-512),,Rex,
2.845700,,1.243200,,1.241450,,0.172900,25.080078,0.173950,18.458984,,,0.030000,-2023696.500000,0.032300,-6237158.000000,0.173400,10.964844
2.840000,,1.240650,,1.240400,,0.173100,4.964844,0.173800,5.486328,,,0.030600,-935912.062500,0.033150,-3649792.750000,0.173300,-0.320312
2.837900,,1.245050,,1.243050,,0.173150,6.363281,0.173050,12.921875,,,0.030750,-1581950.125000,0.030550,-8403931.000000,0.173700,21.933594
=AVERAGE(A2:A4),,=AVERAGE(C2:C4),,=AVERAGE(E2:E4),,=AVERAGE(G2:G4),,=AVERAGE(I2:I4),,=AVERAGE(K2:K4),,=AVERAGE(M2:M4),,=AVERAGE(O2:O4),,=AVERAGE(Q2:Q4),,=AVERAGE(S2:S4),
