Serial,,Autovec (AVX-2),,Autovec (AVX-512),,OMP SIMD (AVX-2),,OMP SIMD (AVX-512),,OMP Parallel For (AVX-2),,OMP Parallel For (AVX-512),,OMP SIMD/Parallel For (AVX-2),,OMP SIMD/Parallel For (AVX-512),,Rex,
0.277350,,0.131600,,0.131850,,0.035100,2821.421875,0.034950,2777.796875,0.007700,0.000000,0.006900,0.000000,0.007300,2790.062500,0.007100,2773.062500,0.034300,2781.906250
0.278350,,0.131800,,0.131850,,0.035150,2814.109375,0.034900,2780.156250,0.007850,0.000000,0.007750,0.000000,0.007750,2790.187500,0.007750,2787.109375,0.034300,2800.484375
=AVERAGE(A2:A3),,=AVERAGE(C2:C3),,=AVERAGE(E2:E3),,=AVERAGE(G2:G3),,=AVERAGE(I2:I3),,=AVERAGE(K2:K3),,=AVERAGE(M2:M3),,=AVERAGE(O2:O3),,=AVERAGE(Q2:Q3),,=AVERAGE(S2:S3),
