Serial,Autovec (AVX-2,Autovec (AVX-512),OMP SIMD (AVX-2),OMP SIMD (AVX-512),Rex (SIMD),Rex (AVX2),Rex (SIMD with unroll),Rex (AVX2 with unroll),Rex (SIMD with tile),Rex (AVX2 with tile),
0.274500,0.126150,0.126250,0.038800,0.036050,0.036500,0.037000,0.036500,0.036950,0.036500,0.036900,
0.274600,0.126350,0.126300,0.037250,0.036750,0.035650,0.038700,0.035650,0.038800,0.035800,0.038800,
0.274750,0.126400,0.126400,0.038850,0.036000,0.036450,0.036950,0.036500,0.038750,0.035700,0.038700,
0.274550,0.126400,0.126400,0.038850,0.036100,0.036550,0.037000,0.036550,0.036950,0.036550,0.036950,
=AVERAGE(A2:A5),=AVERAGE(B2:B5),=AVERAGE(C2:C5),=AVERAGE(D2:D5),=AVERAGE(E2:E5),=AVERAGE(F2:F5),=AVERAGE(G2:G5),=AVERAGE(H2:H5),=AVERAGE(I2:I5),=AVERAGE(J2:J5),=AVERAGE(K2:K5),
