Serial,Autovec (AVX-2,Autovec (AVX-512),OMP SIMD (AVX-2),OMP SIMD (AVX-512),OMP Parallel For (AVX-2),OMP Parallel For (AVX-512),OMP SIMD/Parallel For (AVX-2),OMP SIMD/Parallel For (AVX-512),Rex (SIMD),Rex (AVX2),Rex (SIMD with unroll),Rex (AVX2 with unroll),Rex (Parallel),Rex (Parallel SIMD),
0.296750,0.135150,0.134300,0.040050,0.037800,0.011200,0.011150,0.008200,0.008450,0.037300,0.039850,0.037950,0.040250,,,
0.293950,0.134000,0.134850,0.040050,0.037700,0.011500,0.011100,0.007000,0.006700,0.038050,0.038400,0.037750,0.040050,,,
0.296350,0.135150,0.134350,0.038850,0.038150,0.011250,0.009750,0.008800,0.007000,0.037750,0.038400,0.037550,0.039900,,,
0.295200,0.134900,0.135450,0.039000,0.037650,0.011500,0.008050,0.009400,0.006700,0.037350,0.038450,0.037500,0.040100,,,
=AVERAGE(A2:A5),=AVERAGE(B2:B5),=AVERAGE(C2:C5),=AVERAGE(D2:D5),=AVERAGE(E2:E5),=AVERAGE(F2:F5),=AVERAGE(G2:G5),=AVERAGE(H2:H5),=AVERAGE(I2:I5),=AVERAGE(J2:J5),=AVERAGE(K2:K5),=AVERAGE(L2:L5),=AVERAGE(M2:M5),=AVERAGE(N2:N5),=AVERAGE(O2:O5),
