Serial,,Autovec,,Autovec (faddv),,OMP SIMD,,OMP SIMD (faddv),,OMP Parallel For,,OMP Parallel For (faddv),,OMP SIMD/Parallel For,,OMP SIMD/Parallel For (faddv),,Rex (SIMD),,Rex (Parallel),,Rex (Parallel SIMD),
1.985450,,0.528650,,0.035200,,0.529100,0.000000,0.035400,0.000000,0.037450,0.000000,0.004100,0.000000,0.026450,0.000000,0.003350,0.000000,0.115400,2894.750000,0.043300,0.000000,OUTLINED FAIL,
1.997550,,0.528700,,0.035250,,0.529400,0.000000,0.035700,0.000000,0.037350,0.000000,0.003550,0.000000,0.038800,0.000000,0.004700,0.000000,0.112700,2869.562500,0.037700,0.000000,OUTLINED FAIL,
1.923050,,0.530050,,0.035350,,0.529100,0.000000,0.035400,0.000000,0.042650,0.000000,0.003700,0.000000,0.023500,0.000000,0.003700,0.000000,0.112300,2867.937500,0.024600,0.000000,OUTLINED FAIL,
1.948600,,0.537100,,0.035300,,0.529250,0.000000,0.035400,0.000000,0.026250,0.000000,0.003750,0.000000,0.023450,0.000000,0.004500,0.000000,0.112450,2866.484375,0.032050,0.000000,OUTLINED FAIL,
1.995950,,0.529200,,0.035300,,0.536750,0.000000,0.035350,0.000000,0.023550,0.000000,0.004250,0.000000,0.024100,0.000000,0.003000,0.000000,0.112250,2876.984375,0.029000,0.000000,OUTLINED FAIL,
=AVERAGE(A2:A6),,=AVERAGE(C2:C6),,=AVERAGE(E2:E6),,=AVERAGE(G2:G6),,=AVERAGE(I2:I6),,=AVERAGE(K2:K6),,=AVERAGE(M2:M6),,=AVERAGE(O2:O6),,=AVERAGE(Q2:Q6),,=AVERAGE(S2:S6),,=AVERAGE(U2:U6),,=AVERAGE(W2:W6),
