Serial,,Autovec (AVX-2),,Autovec (AVX-512),,OMP SIMD (AVX-2),,OMP SIMD (AVX-512),,OMP Parallel For (AVX-2),,OMP Parallel For (AVX-512),,OMP SIMD/Parallel For (AVX-2),,OMP SIMD/Parallel For (AVX-512),,Rex (SIMD),,Rex (Parallel),,Rex (Parallel SIMD),
0.278450,,0.132000,,0.132100,,0.035700,2835.328125,0.034500,2813.953125,0.007450,0.000000,0.007500,0.000000,0.007500,2761.000000,0.008000,2790.718750,0.034950,2828.218750,
0.007650,0.000000,
0.007900,2840.281250
0.278250,,0.132850,,0.132150,,0.035200,2761.328125,0.035050,2763.640625,0.008150,0.000000,0.006650,0.000000,0.007850,2825.046875,0.007300,2793.750000,0.035050,2808.093750,
0.007400,0.000000,
0.007750,2786.578125
=AVERAGE(A2:A3),,=AVERAGE(C2:C3),,=AVERAGE(E2:E3),,=AVERAGE(G2:G3),,=AVERAGE(I2:I3),,=AVERAGE(K2:K3),,=AVERAGE(M2:M3),,=AVERAGE(O2:O3),,=AVERAGE(Q2:Q3),,=AVERAGE(S2:S3),,=AVERAGE(U2:U3),,=AVERAGE(W2:W3),
