Serial,,Autovec (AVX-2),,Autovec (AVX-512),,OMP SIMD (AVX-2),,OMP SIMD (AVX-512),,OMP Parallel For (AVX-2),,OMP Parallel For (AVX-512),,OMP SIMD/Parallel For (AVX-2),,OMP SIMD/Parallel For (AVX-512),,Rex,
0.027100,20.000000,0.012600,0.000000,0.012450,0.000000,0.002300,-702156.000000,0.002300,-702260.000000,0.001350,-702192.000000,0.001650,-702192.000000,0.002450,-702364.000000
0.027050,20.000000,0.012500,0.000000,0.012400,0.000000,0.002300,-712344.000000,0.002300,-712324.000000,0.001600,-712284.000000,0.001500,-712284.000000,0.002600,-705168.000000
=AVERAGE(A2:A3),,=AVERAGE(C2:C3),,=AVERAGE(E2:E3),,=AVERAGE(G2:G3),,=AVERAGE(I2:I3),,=AVERAGE(K2:K3),,=AVERAGE(M2:M3),,=AVERAGE(O2:O3),,=AVERAGE(Q2:Q3),,=AVERAGE(S2:S3),
