Serial,,Autovec (AVX-2),,Autovec (AVX-512),,OMP SIMD (AVX-2),,OMP SIMD (AVX-512),,OMP Parallel For (AVX-2),,OMP Parallel For (AVX-512),,OMP SIMD/Parallel For (AVX-2),,OMP SIMD/Parallel For (AVX-512),,Rex,
0.027050,20.000000,0.012500,0.000000,0.012450,0.000000,0.002300,-704112.000000,0.002400,-704148.000000,0.001300,-707768.000000,0.001500,-707768.000000,0.001300,-707768.000000,0.001700,-707768.000000,0.002400,-707744.000000
0.026950,20.000000,0.012450,0.000000,0.012400,0.000000,0.002400,-707544.000000,0.002350,-707668.000000,0.001350,-707692.000000,0.001350,-707692.000000,0.002050,-705912.000000,0.001400,-705912.000000,0.002400,-705776.000000
=AVERAGE(A2:A3),,=AVERAGE(C2:C3),,=AVERAGE(E2:E3),,=AVERAGE(G2:G3),,=AVERAGE(I2:I3),,=AVERAGE(K2:K3),,=AVERAGE(M2:M3),,=AVERAGE(O2:O3),,=AVERAGE(Q2:Q3),,=AVERAGE(S2:S3),
