Serial,Autovec (AVX-2,Autovec (AVX-512),OMP SIMD (AVX-2),OMP SIMD (AVX-512),Rex (SIMD),Rex (AVX2),Rex (SIMD with unroll),Rex (AVX2 with unroll),
0.000052,0.000030,0.000034,0.000008,0.000006,0.000012,0.000014,0.000010,0.000014,
0.000056,0.000034,0.000036,0.000008,0.000006,0.000008,0.000014,0.000012,0.000012,
0.000048,0.000032,0.000024,0.000010,0.000012,0.000012,0.000010,0.000008,0.000010,
=AVERAGE(A2:A4),=AVERAGE(B2:B4),=AVERAGE(C2:C4),=AVERAGE(D2:D4),=AVERAGE(E2:E4),=AVERAGE(F2:F4),=AVERAGE(G2:G4),=AVERAGE(H2:H4),=AVERAGE(I2:I4),
