Serial,,Autovec (AVX-2),,Autovec (AVX-512),,OpenMP (AVX-2),,OpenMP (AVX-512),,OpenMP Parallel For (AVX-2),,OpenMP Parallel For (AVX-512),,Rex,
0.026600,20.000000,0.012250,0.000000,0.012250,0.000000,0.002200,-705164.000000,0.002200,-701112.000000,0.001250,-701104.000000,0.001550,-701104.000000,0.002200,-701056.000000
0.026600,20.000000,0.012200,0.000000,0.012250,0.000000,0.002200,-705352.000000,0.002250,-705316.000000,0.001250,-705416.000000,0.001500,-705416.000000,0.002350,-705132.000000
=AVERAGE(A2:A3),,=AVERAGE(C2:C3),,=AVERAGE(E2:E3),,=AVERAGE(G2:G3),,=AVERAGE(I2:I3),,=AVERAGE(K2:K3),,=AVERAGE(M2:M3),,=AVERAGE(O2:O3),
