Serial,,Autovec (AVX-2),,Autovec (AVX-512),,OMP SIMD (AVX-2),,OMP SIMD (AVX-512),,OMP Parallel For (AVX-2),,OMP Parallel For (AVX-512),,OMP SIMD/Parallel For (AVX-2),,OMP SIMD/Parallel For (AVX-512),,Rex (SIMD),,Rex (Parallel),,Rex (Parallel SIMD),
0.027100,20.000000,0.012500,0.000000,0.012500,0.000000,0.002400,-707196.000000,0.002300,-707392.000000,0.001400,-707296.000000,0.001500,-707296.000000,0.001200,-707296.000000,0.001700,-708260.000000,0.002450,-708396.000000,
0.001300,47830524.000000,
0.001500,47791244.000000
0.027100,20.000000,0.012450,0.000000,0.012450,0.000000,0.002300,-708612.000000,0.002300,-708560.000000,0.001350,-708588.000000,0.001300,-708588.000000,0.001200,-708588.000000,0.001350,-702892.000000,0.002350,-702976.000000,
0.001200,47708096.000000,
0.001800,48526644.000000
=AVERAGE(A2:A3),,=AVERAGE(C2:C3),,=AVERAGE(E2:E3),,=AVERAGE(G2:G3),,=AVERAGE(I2:I3),,=AVERAGE(K2:K3),,=AVERAGE(M2:M3),,=AVERAGE(O2:O3),,=AVERAGE(Q2:Q3),,=AVERAGE(S2:S3),,=AVERAGE(U2:U3),,=AVERAGE(W2:W3),
