Serial,,Autovec (AVX-2),,Autovec (AVX-512),,OMP SIMD (AVX-2),,OMP SIMD (AVX-512),,OMP Parallel For (AVX-2),,OMP Parallel For (AVX-512),,OMP SIMD/Parallel For (AVX-2),,OMP SIMD/Parallel For (AVX-512),,Rex,
0.027150,20.000000,0.012500,0.000000,0.012450,0.000000,0.002400,-704452.000000,0.002350,-704532.000000,0.001250,-704508.000000,0.001700,-704508.000000,0.001700,-704508.000000,0.001900,-704508.000000,0.002400,-706480.000000
0.027100,20.000000,0.012450,0.000000,0.012450,0.000000,0.002300,-705092.000000,0.002300,-705232.000000,0.001350,-706328.000000,0.001550,-706328.000000,0.001650,-706328.000000,0.001350,-706328.000000,0.002350,-706304.000000
0.027000,20.000000,0.012500,0.000000,0.012450,0.000000,0.002300,-707472.000000,0.002350,-707384.000000,0.001250,-707380.000000,0.001150,-707380.000000,0.001500,-706324.000000,0.001600,-706324.000000,0.002300,-706320.000000
=AVERAGE(A2:A4),,=AVERAGE(C2:C4),,=AVERAGE(E2:E4),,=AVERAGE(G2:G4),,=AVERAGE(I2:I4),,=AVERAGE(K2:K4),,=AVERAGE(M2:M4),,=AVERAGE(O2:O4),,=AVERAGE(Q2:Q4),,=AVERAGE(S2:S4),
