Serial,Autovec (AVX-2,Autovec (AVX-512),OMP SIMD (AVX-2),OMP SIMD (AVX-512),Rex (SIMD),Rex (AVX2),Rex (SIMD with unroll),Rex (AVX2 with unroll),Rex (SIMD with tile),Rex (AVX2 with tile),
0.000052,0.000036,0.000036,0.000008,0.000012,0.000010,0.000014,0.000008,0.000014,0.000010,0.000012,
0.000054,0.000038,0.000030,0.000012,0.000008,0.000010,0.000014,0.000012,0.000014,0.000012,0.000010,
0.000054,0.000030,0.000038,0.000012,0.000006,0.000014,0.000014,0.000012,0.000012,0.000012,0.000012,
0.000042,0.000036,0.000036,0.000008,0.000008,0.000012,0.000012,0.000010,0.000014,0.000008,0.000014,
=AVERAGE(A2:A5),=AVERAGE(B2:B5),=AVERAGE(C2:C5),=AVERAGE(D2:D5),=AVERAGE(E2:E5),=AVERAGE(F2:F5),=AVERAGE(G2:G5),=AVERAGE(H2:H5),=AVERAGE(I2:I5),=AVERAGE(J2:J5),=AVERAGE(K2:K5),
